<?xml version="1.0" encoding="UTF-8"?>
<beans xmlns="http://www.springframework.org/schema/beans"
	xmlns:xsi="http://www.w3.org/2001/XMLSchema-instance"
	xmlns:context="http://www.springframework.org/schema/context"
	xsi:schemaLocation="http://www.springframework.org/schema/beans http://www.springframework.org/schema/beans/spring-beans-2.0.xsd
		http://www.springframework.org/schema/context http://www.springframework.org/schema/context/spring-context-4.3.xsd">

	<context:property-placeholder location="classpath:config/datasource.properties"/>
	
	
	<!-- DBCP POOL -->
<!-- 	<bean id="datasource" class="org.apache.commons.dbcp2.BasicDataSource">
		<property name="driverClassName" value="${driver}"/>
		<property name="url" value="${url}"/>
		<property name="username" value="${username}"></property>
		<property name="password" value="${password}"></property>
	</bean> -->


<bean id="datasource" class="org.apache.commons.dbcp2.BasicDataSource">
		<property name="driverClassName" value="${driver}"/>
		<property name="url" value="${url}"/>
		<property name="username" value="${user}"></property>
		<property name="password" value="${password}"></property>
	</bean>




	<!-- Spring JDBC설정 -->
	<bean id="jdbcTemplate" class="org.springframework.jdbc.core.JdbcTemplate">
		<property name="dataSource" ref="datasource"></property>
	</bean>
</beans>
